序号,代码,名称,纳入日期
1,002625,光启技术,2025-12-15
2,300476,胜宏科技,2025-12-15
3,300251,光线传媒,2025-12-15
4,002384,东山精密,2025-12-15
5,603893,瑞芯微,2025-12-15
6,300803,指南针,2025-12-15
7,601456,国联民生,2025-12-15
8,600522,中天科技,2025-12-15
9,601018,宁波港,2025-12-15
10,300866,安克创新,2025-12-15
11,600930,华电新能,2025-12-15
12,601298,青岛港,2025-09-05
13,002600,领益智造,2025-06-16
14,601077,渝农商行,2025-06-16
15,601825,沪农商行,2025-06-16
16,001391,国货航,2025-06-16
17,302132,中航成飞,2025-06-16
18,301236,软通动力,2025-06-16
19,688047,龙芯中科,2025-06-16
20,601058,赛轮轮胎,2025-03-04
21,688506,百利天恒,2024-12-16
22,601136,首创证券,2024-12-16
23,600066,宇通客车,2024-12-16
24,688472,阿特斯,2024-12-16
25,300394,天孚通信,2024-12-16
26,300502,新易盛,2024-12-16
27,600377,宁沪高速,2024-12-16
28,000630,铜陵有色,2024-12-16
29,601127,赛力斯,2024-12-16
30,002028,思源电气,2024-12-16
31,002463,沪电股份,2024-12-16
32,600482,中国动力,2024-12-16
33,688169,石头科技,2024-12-16
34,000975,山金国际,2024-12-16
35,002422,科伦药业,2024-12-16
36,600160,巨化股份,2024-12-16
37,600027,华电国际,2024-06-17
38,688009,中国通号,2024-06-17
39,688082,盛美上海,2024-06-17
40,603296,华勤技术,2024-06-17
41,600027,华电国际,2024-06-17
42,000807,云铝股份,2024-06-17
43,600161,天坛生物,2024-06-17
44,600415,小商品城,2024-06-17
45,300442,润泽科技,2024-06-17
46,600026,中远海能,2024-06-17
47,300832,新产业,2024-06-17
48,300418,昆仑万维,2024-06-17
49,600489,中金黄金,2023-12-11
50,000999,华润三九,2023-12-11
51,300308,中际旭创,2023-12-11
52,600372,中航机载,2023-12-11
53,600938,中国海油,2023-12-11
54,688256,寒武纪,2023-12-11
55,301269,华大九天,2023-12-11
56,600515,海南机场,2023-12-11
57,688271,联影医疗,2023-12-11
58,600023,浙能电力,2023-12-11
59,601059,信达证券,2023-12-11
60,688041,海光信息,2023-12-11
61,601916,浙商银行,2023-12-11
62,601872,招商轮船,2023-06-12
63,000617,中油资本,2023-06-12
64,688223,晶科能源,2023-06-12
65,600875,东方电气,2023-06-12
66,601607,上海医药,2023-06-12
67,000983,山西焦煤,2023-06-12
68,600803,新奥股份,2022-12-12
69,600039,四川路桥,2022-12-12
70,688187,时代电气,2022-12-12
71,600674,川投能源,2022-12-12
72,601689,拓普集团,2022-12-12
73,688303,大全能源,2022-12-12
74,605117,德业股份,2022-12-12
75,600233,圆通速递,2022-12-12
76,000792,盐湖股份,2022-06-13
77,600219,南山铝业,2022-06-13
78,600188,兖矿能源,2022-06-13
79,002920,德赛西威,2022-06-13
80,002648,卫星化学,2022-06-13
81,300661,圣邦股份,2022-06-13
82,300979,华利集团,2022-06-13
83,002920,德赛西威,2022-06-13
84,000792,盐湖股份,2022-06-13
85,600219,南山铝业,2022-06-13
86,600188,兖矿能源,2022-06-13
87,000408,藏格矿业,2022-06-13
88,600089,特变电工,2022-06-13
89,603260,合盛硅业,2021-12-13
90,300999,金龙鱼,2021-12-13
91,300896,爱美客,2021-12-13
92,688981,中芯国际,2021-12-13
93,002466,天齐锂业,2021-12-13
94,601898,中煤能源,2021-12-13
95,000301,东方盛虹,2021-12-13
96,600905,三峡能源,2021-12-13
97,300782,卓胜微,2021-12-13
98,601728,中国电信,2021-12-13
99,300316,晶盛机电,2021-12-13
100,300759,康龙化成,2021-12-13
101,300760,迈瑞医疗,2021-12-13
102,601868,中国能建,2021-12-13
103,002459,晶澳科技,2021-12-13
104,300750,宁德时代,2021-12-13
105,002709,天赐材料,2021-12-13
106,605499,东鹏饮料,2021-12-13
107,688396,华润微,2021-06-15
108,688126,沪硅产业,2021-06-15
109,688111,金山办公,2021-06-15
110,601995,中金公司,2021-06-15
111,600426,华鲁恒升,2021-06-15
112,300274,阳光电源,2021-06-15
113,600600,青岛啤酒,2020-12-14
114,688012,中微公司,2020-12-14
115,603195,公牛集团,2020-12-14
116,002049,紫光国微,2020-12-14
117,600150,中国船舶,2020-12-14
118,603392,万泰生物,2020-12-14
119,600845,宝信软件,2020-12-14
120,600918,中泰证券,2020-12-14
121,600845,宝信软件,2020-12-14
122,600918,中泰证券,2020-12-14
123,688008,澜起科技,2020-12-14
124,000977,浪潮信息,2020-06-15
125,601816,京沪高铁,2020-06-15
126,603369,今世缘,2020-06-15
127,601100,恒立液压,2020-06-15
128,000708,中信特钢,2020-06-15
129,002371,北方华创,2020-06-15
130,003816,中国广核,2020-06-15
131,300014,亿纬锂能,2020-06-15
132,300628,亿联网络,2020-06-15
133,601658,邮储银行,2020-06-15
134,300347,泰格医药,2019-12-16
135,600183,生益科技,2019-12-16
136,600989,宝丰能源,2019-12-16
137,601236,红塔证券,2019-12-16
138,601698,中国卫通,2019-12-16
139,603501,韦尔股份,2019-12-16
140,002916,深南电路,2019-12-16
141,000596,古井贡酒,2019-06-17
142,002938,鹏鼎控股,2019-06-17
143,300413,芒果超媒,2019-06-17
144,300498,温氏股份,2019-06-17
145,601319,中国人保,2019-06-17
146,603019,中科曙光,2019-06-17
147,603986,兆易创新,2018-12-17
148,002179,中航光电,2018-12-17
149,000661,长春高新,2018-12-17
150,002001,新和成,2018-12-17
151,601138,工业富联,2018-12-17
152,002311,海大集团,2018-12-17
153,600760,中航沈飞,2018-12-17
154,601066,中信建投,2018-12-17
155,603259,药明康德,2018-12-17
156,601360,三六零,2018-06-11
157,600025,华能水电,2018-06-11
158,600346,恒力股份,2018-06-11
159,603288,海天味业,2018-06-11
160,601238,广汽集团,2018-06-11
161,601808,中海油服,2018-06-11
162,600176,中国巨石,2018-06-11
163,600438,通威股份,2018-06-11
164,600809,山西汾酒,2018-06-11
165,601360,三六零,2018-06-11
166,600025,华能水电,2018-06-11
167,600346,恒力股份,2018-06-11
168,603288,海天味业,2018-06-11
169,601238,广汽集团,2018-06-11
170,601838,成都银行,2018-06-11
171,601012,隆基股份,2017-12-11
172,002601,龙蟒佰利,2017-12-11
173,603799,华友钴业,2017-12-11
174,600011,华能国际,2017-12-11
175,002460,赣锋锂业,2017-12-11
176,601878,浙商证券,2017-12-11
177,300122,智飞生物,2017-12-11
178,300015,爱尔眼科,2017-12-11
179,002352,顺丰控股,2017-06-12
180,600436,片仔癀,2017-06-12
181,600919,江苏银行,2017-06-12
182,600926,杭州银行,2017-06-12
183,601229,上海银行,2017-06-12
184,601881,中国银河,2017-06-12
185,002714,牧原股份,2016-12-12
186,300033,同花顺,2016-12-12
187,601877,正泰电器,2016-12-12
188,000938,紫光股份,2016-12-12
189,002027,分众传媒,2016-06-13
190,600061,国投安信,2016-06-13
191,001979,招商蛇口,2015-12-30
192,601211,国泰君安,2015-12-14
193,601985,中国核电,2015-12-14
194,002736,国信证券,2015-06-15
195,300059,东方财富,2015-06-15
196,600958,东方证券,2015-06-15
197,601021,春秋航空,2015-06-15
198,601788,光大证券,2015-06-15
199,601919,中国远洋,2015-06-15
200,000166,申万宏源,2015-01-26
201,600570,恒生电子,2014-12-15
202,300124,汇川技术,2014-12-15
203,601225,陕西煤业,2014-06-16
204,002252,上海莱士,2014-06-16
205,002475,立讯精密,2014-06-16
206,600018,上港集团,2013-12-16
207,002230,科大讯飞,2013-12-16
208,000333,美的集团,2013-09-18
209,000963,华东医药,2013-07-01
210,603993,洛阳钼业,2013-07-01
211,002236,大华股份,2013-01-04
212,600886,国投电力,2013-01-04
213,601800,中国交建,2013-01-04
214,000725,京东方A,2012-07-02
215,002241,歌尔声学,2012-07-02
216,601336,新华保险,2012-07-02
217,601633,长城汽车,2012-07-02
218,601669,中国水电,2012-07-02
219,601901,方正证券,2012-07-02
220,002594,比亚迪,2012-01-04
221,601377,兴业证券,2011-07-01
222,000776,广发证券,2011-01-04
223,002415,海康威视,2011-01-04
224,600115,东方航空,2011-01-04
225,600276,恒瑞医药,2011-01-04
226,600406,国电南瑞,2011-01-04
227,600887,伊利股份,2011-01-04
228,600893,航空动力,2011-01-04
229,601818,光大银行,2011-01-04
230,601288,农业银行,2010-07-29
231,002304,洋河股份,2010-07-01
232,600999,招商证券,2010-07-01
233,601688,华泰证券,2010-07-01
234,601888,中国国旅,2010-07-01
235,601618,中国中冶,2010-01-04
236,601668,中国建筑,2010-01-04
237,601766,中国南车,2009-07-01
238,000100,TCL集团,2009-01-05
239,600588,用友软件,2009-01-05
240,601186,中国铁建,2009-01-05
241,601899,紫金矿业,2009-01-05
242,601390,中国中铁,2008-07-01
243,601601,中国太保,2008-07-01
244,601939,建设银行,2008-07-01
245,000338,潍柴动力,2008-01-02
246,000895,双汇发展,2008-01-02
247,002142,宁波银行,2008-01-02
248,600111,包钢稀土,2008-01-02
249,601009,南京银行,2008-01-02
250,601169,北京银行,2008-01-02
251,601857,中国石油,2007-11-19
252,601088,中国神华,2007-10-23
253,000876,新希望,2007-07-02
254,601328,交通银行,2007-05-29
255,601998,中信银行,2007-05-18
256,601600,中国铝业,2007-04-30
257,601318,中国平安,2007-03-15
258,601166,兴业银行,2007-02-26
259,601628,中国人寿,2007-01-23
260,600547,山东黄金,2007-01-04
261,601111,中国国航,2007-01-04
262,600048,保利地产,2007-01-04
263,601398,工商银行,2006-11-10
264,601006,大秦铁路,2006-08-15
265,601988,中国银行,2006-07-19
266,000768,西飞国际,2006-01-04
267,000538,云南白药,2005-07-01
268,600690,青岛海尔,2005-04-08
269,600660,福耀玻璃,2005-04-08
270,600585,海螺水泥,2005-04-08
271,600519,贵州茅台,2005-04-08
272,600362,江西铜业,2005-04-08
273,000858,五粮液,2005-04-08
274,000625,长安汽车,2005-04-08
275,000651,格力电器,2005-04-08
276,000568,泸州老窖,2005-04-08
277,000425,徐工科技,2005-04-08
278,000157,中联重科,2005-04-08
279,000063,中兴通讯,2005-04-08
280,000001,深发展A,2005-04-08
281,600009,上海机场,2005-04-08
282,600010,包钢股份,2005-04-08
283,600015,华夏银行,2005-04-08
284,600016,民生银行,2005-04-08
285,600019,宝钢股份,2005-04-08
286,600028,中国石化,2005-04-08
287,600029,南方航空,2005-04-08
288,600030,中信证券,2005-04-08
289,600031,三一重工,2005-04-08
290,600036,招商银行,2005-04-08
291,600050,中国联通,2005-04-08
292,000858,五粮液,2005-04-08
293,000625,长安汽车,2005-04-08
294,000651,格力电器,2005-04-08
295,000568,泸州老窖,2005-04-08
296,000425,徐工科技,2005-04-08
297,000157,中联重科,2005-04-08
298,000063,中兴通讯,2005-04-08
299,000001,深发展A,2005-04-08
300,000002,万科A,2005-04-08
